{
    "now": "2025-04-16T18:20:48.398Z",
    "perfNow": 9180975.400000036,
    "diagnosticCorrelation": "13844c8f-7ce6-436e-aa0a-c1830fa96953",
    "source": "DownloadSupportFiles",
    "environment": {
        "productName": "adf",
        "buildVersion": "1.0.033125.0",
        "environmentType": 3,
        "resourceName": "adfhandsongirald",
        "resourceRegion": "eastus",
        "resourceGroup": "AzureDataFactoryHandsOn",
        "subscriptionId": "050f5e3c-c0ea-45b1-b466-0ed0c6346117",
        "sessionId": "wQlIYskvl6ABvluBrvcxwW",
        "operationId": "",
        "gitType": "live",
        "loggingKey": "cde0d983-0626-4f26-af49-1752777ebda9"
    },
    "additionalInfo": {
        "selectedResource": "getFactsPipeline",
        "selectedResourceType": "pipeline"
    }
}