customer_id,transactional_date,product_id
0,2021-09-21 08:46:00,P0285
1,2021-06-02 12:33:00,P0490
1,2021-07-19 03:31:00,P0210
1,2021-08-20 13:57:00,P0229
1,2021-08-30 09:13:00,P0380
1,2021-11-11 11:52:00,P0177
1,2021-12-12 23:07:00,P0279
1,2022-01-10 06:48:00,P0002
1,2022-01-13 08:40:00,P0414
1,2022-01-16 12:09:00,P0436
1,2022-01-20 03:21:00,P0151
1,2022-03-02 03:20:00,P0503
1,2022-04-17 03:46:00,P0314
2,2021-05-18 03:34:00,P0187
2,2021-05-19 19:38:00,P0600
2,2021-06-20 01:01:00,P0603
2,2021-07-05 21:08:00,P0665
2,2021-08-10 01:47:00,P0102
2,2021-08-11 10:25:00,P0319
2,2021-08-17 04:37:00,P0425
2,2021-08-30 19:02:00,P0614
2,2021-09-11 06:17:00,P0245
2,2021-09-14 09:43:00,P0410
2,2021-09-17 07:04:00,P0628
2,2021-09-20 19:20:00,P0051
2,2021-09-25 09:10:00,P0469
2,2021-10-06 00:57:00,P0272
2,2021-10-12 06:07:00,P0415
2,2021-10-17 08:12:00,P0331
2,2021-10-18 23:34:00,P0489
2,2021-10-20 16:08:00,P0136
2,2021-10-20 22:18:00,P0566
2,2021-10-27 15:56:00,P0112
2,2021-11-06 01:16:00,P0461
2,2021-11-07 12:38:00,P0078
2,2021-11-09 23:09:00,P0235
2,2021-11-14 08:44:00,P0638
2,2021-11-19 05:21:00,P0414
2,2021-12-12 17:59:00,P0440
2,2022-01-14 06:23:00,P0574
2,2022-01-15 06:21:00,P0486
2,2022-02-11 18:55:00,P0518
2,2022-02-24 10:41:00,P0545
2,2022-03-12 09:52:00,P0398
2,2022-03-27 18:52:00,P0305
2,2022-04-04 17:50:00,P0577
2,2022-04-05 01:21:00,P0189
2,2022-04-10 13:13:00,P0374
3,2021-05-06 05:08:00,P0190
3,2021-05-11 04:09:00,P0697
3,2021-05-15 14:41:00,P0368
3,2021-05-15 21:16:00,P0348
3,2021-05-30 10:40:00,P0598
3,2021-06-03 21:40:00,P0291
3,2021-06-13 08:39:00,P0377
3,2021-06-14 17:25:00,P0553
3,2021-06-19 08:04:00,P0158
3,2021-06-27 02:14:00,P0505
3,2021-06-27 08:37:00,P0538
3,2021-06-29 01:51:00,P0628
3,2021-06-30 14:40:00,P0641
3,2021-07-01 11:01:00,P0487
3,2021-07-01 23:31:00,P0313
3,2021-07-02 20:26:00,P0255
3,2021-07-05 08:03:00,P0475
3,2021-07-05 23:12:00,P0739
3,2021-07-11 04:27:00,P0198
3,2021-07-17 11:12:00,P0620
3,2021-07-18 21:39:00,P0432
3,2021-07-19 15:03:00,P0465
3,2021-07-20 05:10:00,P0631
3,2021-07-20 14:28:00,P0391
3,2021-07-22 10:14:00,P0063
3,2021-07-24 23:46:00,P0419
3,2021-07-27 16:35:00,P0240
3,2021-07-31 08:36:00,P0269
3,2021-08-01 00:25:00,P0444
3,2021-08-01 17:06:00,P0084
3,2021-08-02 05:24:00,P0553
3,2021-08-03 16:50:00,P0011
3,2021-08-10 22:34:00,P0436
3,2021-08-13 21:52:00,P0379
3,2021-08-24 11:59:00,P0467
3,2021-08-28 04:55:00,P0256
3,2021-09-07 07:38:00,P0219
3,2021-09-11 02:47:00,P0549
3,2021-09-16 18:26:00,P0298
3,2021-09-17 14:13:00,P0435
3,2021-09-23 21:22:00,P0388
3,2021-09-24 02:15:00,P0368
3,2021-09-24 16:41:00,P0418
3,2021-09-28 01:13:00,P0459
3,2021-10-04 23:59:00,P0433
3,2021-10-07 16:57:00,P0463
3,2021-10-08 09:08:00,P0525
3,2021-10-13 08:28:00,P0313
3,2021-10-14 11:14:00,P0587
3,2021-10-14 17:34:00,P0226
3,2021-10-22 18:06:00,P0633
3,2021-11-10 08:04:00,P0521
3,2021-11-17 01:53:00,P0366
3,2021-11-18 07:40:00,P0455
3,2021-11-21 10:50:00,P0012
3,2021-11-23 03:19:00,P0687
3,2021-11-25 08:18:00,P0177
3,2021-12-06 18:12:00,P0125
3,2021-12-09 05:35:00,P0423
3,2021-12-09 20:00:00,P0276
3,2021-12-13 17:39:00,P0505
3,2021-12-15 02:16:00,P0103
3,2021-12-20 11:27:00,P0027
3,2021-12-22 14:36:00,P0339
3,2021-12-29 00:56:00,P0454
3,2021-12-29 01:01:00,P0302
3,2022-01-01 16:16:00,P0173
3,2022-01-02 03:35:00,P0411
3,2022-01-07 06:29:00,P0343
3,2022-01-07 11:10:00,P0353
3,2022-01-11 07:51:00,P0579
3,2022-01-13 22:04:00,P0210
3,2022-01-17 05:51:00,P0438
3,2022-01-19 10:15:00,P0040
3,2022-01-19 16:31:00,P0300
3,2022-01-27 16:59:00,P0396
3,2022-01-29 03:02:00,P0484
3,2022-02-06 07:27:00,P0407
3,2022-02-08 13:13:00,P0007
3,2022-02-15 23:33:00,P0384
3,2022-02-16 10:18:00,P0217
3,2022-02-17 18:31:00,P0601
3,2022-02-25 19:29:00,P0012
3,2022-02-26 03:45:00,P0344
3,2022-03-02 06:21:00,P0065
3,2022-03-03 06:50:00,P0281
3,2022-03-16 01:49:00,P0339
3,2022-03-16 08:12:00,P0592
3,2022-03-29 07:43:00,P0610
3,2022-03-30 19:12:00,P0588
3,2022-03-31 21:24:00,P0276
3,2022-04-05 00:23:00,P0390
3,2022-04-06 17:37:00,P0073
3,2022-04-10 09:11:00,P0380
3,2022-04-13 10:20:00,P0643
3,2022-04-15 03:37:00,P0437
3,2022-04-19 11:20:00,P0525
3,2022-04-21 20:54:00,P0704
3,2022-04-23 00:57:00,P0574
3,2022-04-27 03:16:00,P0574
4,2021-05-04 23:06:00,P0507
4,2021-05-06 16:43:00,P0500
4,2021-05-06 18:41:00,P0517
4,2021-05-08 01:20:00,P0384
4,2021-05-08 17:09:00,P0335
4,2021-05-08 21:40:00,P0484
4,2021-05-10 19:28:00,P0622
4,2021-05-14 22:03:00,P0364
4,2021-05-18 01:00:00,P0708
4,2021-05-18 04:40:00,P0038
4,2021-05-19 22:29:00,P0048
4,2021-05-20 00:59:00,P0220
4,2021-05-21 05:29:00,P0655
4,2021-05-22 07:02:00,P0462
4,2021-05-27 16:02:00,P0461
4,2021-06-01 04:50:00,P0194
4,2021-06-01 16:06:00,P0486
4,2021-06-01 23:02:00,P0211
4,2021-06-07 06:54:00,P0550
4,2021-06-07 16:35:00,P0374
4,2021-06-07 22:28:00,P0427
4,2021-06-12 02:04:00,P0190
4,2021-06-13 03:03:00,P0413
4,2021-06-13 22:20:00,P0343
4,2021-06-20 16:32:00,P0354
4,2021-06-23 22:04:00,P0399
4,2021-06-25 23:50:00,P0376
4,2021-06-27 02:35:00,P0649
4,2021-06-27 19:02:00,P0429
4,2021-06-30 20:14:00,P0364
4,2021-07-05 02:39:00,P0204
4,2021-07-10 22:35:00,P0200
4,2021-07-11 21:35:00,P0471
4,2021-07-13 18:15:00,P0238
4,2021-07-16 12:27:00,P0463
4,2021-07-18 02:08:00,P0151
4,2021-07-29 14:02:00,P0353
4,2021-07-29 16:22:00,P0391
4,2021-08-03 01:14:00,P0629
4,2021-08-03 19:24:00,P0235
4,2021-08-04 17:52:00,P0690
4,2021-08-05 02:29:00,P0418
4,2021-08-06 10:50:00,P0484
4,2021-08-07 18:28:00,P0470
4,2021-08-09 07:51:00,P0408
4,2021-08-14 23:12:00,P0491
4,2021-08-26 16:20:00,P0405
4,2021-09-03 01:05:00,P0474
4,2021-09-06 08:24:00,P0708
4,2021-09-07 02:44:00,P0362
4,2021-09-08 16:23:00,P0321
4,2021-09-11 00:44:00,P0392
4,2021-09-11 12:48:00,P0438
4,2021-09-15 11:05:00,P0117
4,2021-09-18 19:23:00,P0474
4,2021-09-19 05:16:00,P0409
4,2021-09-19 17:12:00,P0274
4,2021-09-19 18:42:00,P0512
4,2021-09-19 19:09:00,P0661
4,2021-09-22 09:24:00,P0317
4,2021-09-22 18:44:00,P0519
4,2021-09-23 20:29:00,P0301
4,2021-09-29 19:19:00,P0144
4,2021-09-30 17:20:00,P0566
4,2021-10-05 08:45:00,P0493
4,2021-10-05 13:46:00,P0433
4,2021-10-06 10:59:00,P0494
4,2021-10-07 05:06:00,P0439
4,2021-10-08 13:16:00,P0241
4,2021-10-12 20:05:00,P0424
4,2021-10-15 15:34:00,P0486
4,2021-10-21 21:08:00,P0428
4,2021-10-28 02:01:00,P0176
4,2021-10-28 08:21:00,P0572
4,2021-11-03 07:49:00,P0396
4,2021-11-06 14:31:00,P0079
4,2021-11-07 11:13:00,P0515
4,2021-11-10 23:38:00,P0623
4,2021-11-18 04:39:00,P0606
4,2021-11-24 08:03:00,P0278
4,2021-11-27 16:43:00,P0492
4,2021-11-29 06:08:00,P0533
4,2021-11-30 08:13:00,P0182
4,2021-12-03 14:31:00,P0173
4,2021-12-06 14:24:00,P0117
4,2021-12-06 22:29:00,P0376
4,2021-12-08 14:07:00,P0528
4,2021-12-09 05:32:00,P0208
4,2021-12-11 06:57:00,P0463
4,2021-12-13 12:56:00,P0362
4,2021-12-20 07:22:00,P0383
4,2021-12-23 05:23:00,P0693
4,2021-12-24 11:08:00,P0521
4,2021-12-26 13:31:00,P0348
4,2021-12-26 20:15:00,P0222
4,2021-12-27 03:02:00,P0401
4,2021-12-27 11:48:00,P0571
4,2021-12-27 15:26:00,P0534
4,2021-12-27 21:07:00,P0589
4,2021-12-29 01:39:00,P0545
4,2022-01-01 21:15:00,P0652
4,2022-01-01 23:19:00,P0109
4,2022-01-02 12:54:00,P0374
4,2022-01-04 03:34:00,P0339
4,2022-01-04 20:06:00,P0319
4,2022-01-07 15:18:00,P0466
4,2022-01-08 11:10:00,P0339
4,2022-01-09 00:54:00,P0657
4,2022-01-13 08:55:00,P0526
4,2022-01-18 12:47:00,P0493
4,2022-01-19 18:28:00,P0527
4,2022-01-20 23:32:00,P0550
4,2022-01-23 11:32:00,P0498
4,2022-01-23 11:56:00,P0010
4,2022-01-26 01:19:00,P0354
4,2022-01-27 12:28:00,P0360
4,2022-01-28 12:48:00,P0599
4,2022-01-31 08:28:00,P0189
4,2022-01-31 11:16:00,P0419
4,2022-02-02 01:23:00,P0372
4,2022-02-05 12:49:00,P0396
4,2022-02-07 16:44:00,P0474
4,2022-02-08 04:13:00,P0365
4,2022-02-12 14:15:00,P0475
4,2022-02-15 14:50:00,P0316
4,2022-02-18 11:14:00,P0332
4,2022-02-19 18:09:00,P0506
4,2022-02-19 23:23:00,P0265
4,2022-02-22 00:41:00,P0381
4,2022-02-23 01:36:00,P0631
4,2022-03-01 20:36:00,P0409
4,2022-03-05 09:10:00,P0403
4,2022-03-07 14:25:00,P0572
4,2022-03-08 08:09:00,P0267
4,2022-03-11 18:55:00,P0462
4,2022-03-13 04:45:00,P0222
4,2022-03-14 07:46:00,P0185
4,2022-03-18 03:25:00,P0476
4,2022-03-22 01:14:00,P0498
4,2022-03-22 20:12:00,P0229
4,2022-03-24 22:31:00,P0297
4,2022-03-25 00:54:00,P0392
4,2022-03-25 12:53:00,P0175
4,2022-03-25 18:05:00,P0088
4,2022-03-30 07:26:00,P0336
4,2022-03-30 13:15:00,P0329
4,2022-04-02 14:40:00,P0447
4,2022-04-06 04:58:00,P0048
4,2022-04-07 04:09:00,P0247
4,2022-04-11 21:08:00,P0478
4,2022-04-12 13:12:00,P0369
4,2022-04-12 21:06:00,P0267
4,2022-04-13 11:31:00,P0711
4,2022-04-15 22:06:00,P0614
4,2022-04-17 19:27:00,P0688
4,2022-04-22 07:25:00,P0410
4,2022-04-29 06:11:00,P0481
5,2021-05-04 05:45:00,P0058
5,2021-05-04 15:51:00,P0456
5,2021-05-04 16:13:00,P0519
5,2021-05-05 09:57:00,P0389
5,2021-05-07 09:44:00,P0249
5,2021-05-10 01:14:00,P0100
5,2021-05-10 03:11:00,P0357
5,2021-05-10 03:32:00,P0225
5,2021-05-11 17:38:00,P0628
5,2021-05-12 01:01:00,P0748
5,2021-05-12 03:15:00,P0214
5,2021-05-14 17:42:00,P0417
5,2021-05-16 11:12:00,P0215
5,2021-05-17 02:22:00,P0493
5,2021-05-17 09:11:00,P0549
5,2021-05-18 06:04:00,P0056
5,2021-05-18 09:48:00,P0637
5,2021-05-19 07:10:00,P0442
5,2021-05-22 13:04:00,P0448
5,2021-05-22 14:43:00,P0487
5,2021-05-23 23:21:00,P0418
5,2021-05-24 10:27:00,P0494
5,2021-05-25 23:43:00,P0741
5,2021-05-28 04:58:00,P0393
5,2021-05-28 23:41:00,P0418
5,2021-06-04 21:18:00,P0526
5,2021-06-05 03:13:00,P0552
5,2021-06-05 07:52:00,P0350
5,2021-06-08 19:19:00,P0556
5,2021-06-09 12:35:00,P0270
5,2021-06-09 18:22:00,P0250
5,2021-06-10 21:51:00,P0253
5,2021-06-12 20:29:00,P0337
5,2021-06-14 16:31:00,P0491
5,2021-06-17 17:48:00,P0103
5,2021-06-18 15:48:00,P0638
5,2021-06-18 19:54:00,P0484
5,2021-06-19 00:15:00,P0312
5,2021-06-23 14:44:00,P0400
5,2021-06-25 02:45:00,P0483
5,2021-06-25 20:28:00,P0498
5,2021-07-02 12:33:00,P0556
5,2021-07-04 04:08:00,P0503
5,2021-07-04 05:26:00,P0398
5,2021-07-07 15:46:00,P0251
5,2021-07-07 23:14:00,P0043
5,2021-07-10 07:09:00,P0294
5,2021-07-12 02:38:00,P0025
5,2021-07-12 17:45:00,P0524
5,2021-07-16 06:51:00,P0200
5,2021-07-16 14:46:00,P0202
5,2021-07-22 02:28:00,P0401
5,2021-07-22 03:32:00,P0678
5,2021-07-22 07:02:00,P0227
5,2021-07-22 12:50:00,P0342
5,2021-07-23 16:56:00,P0640
5,2021-07-27 13:36:00,P0232
5,2021-07-28 21:47:00,P0179
5,2021-07-29 09:14:00,P0392
5,2021-07-31 22:56:00,P0377
5,2021-08-02 14:07:00,P0494
5,2021-08-03 00:15:00,P0451
5,2021-08-09 10:38:00,P0535
5,2021-08-09 12:45:00,P0229
5,2021-08-10 17:01:00,P0410
5,2021-08-10 21:22:00,P0234
5,2021-08-10 21:43:00,P0135
5,2021-08-10 22:40:00,P0486
5,2021-08-11 10:31:00,P0512
5,2021-08-11 22:21:00,P0276
5,2021-08-12 11:43:00,P0632
5,2021-08-13 08:53:00,P0638
5,2021-08-14 02:55:00,P0237
5,2021-08-15 22:42:00,P0238
5,2021-08-17 03:33:00,P0462
5,2021-08-19 14:46:00,P0520
5,2021-08-20 06:30:00,P0200
5,2021-08-21 07:36:00,P0278
5,2021-08-22 13:30:00,P0552
5,2021-08-27 13:29:00,P0545
5,2021-08-28 13:52:00,P0521
5,2021-08-31 17:37:00,P0318
5,2021-09-01 19:28:00,P0463
5,2021-09-01 22:08:00,P0218
5,2021-09-02 20:01:00,P0495
5,2021-09-04 11:36:00,P0293
5,2021-09-04 14:03:00,P0176
5,2021-09-04 14:04:00,P0617
5,2021-09-04 18:27:00,P0293
5,2021-09-08 08:23:00,P0250
5,2021-09-08 18:37:00,P0531
5,2021-09-10 06:50:00,P0398
5,2021-09-10 18:01:00,P0158
5,2021-09-11 04:05:00,P0468
5,2021-09-11 20:31:00,P0335
5,2021-09-13 05:32:00,P0018
5,2021-09-13 06:49:00,P0350
5,2021-09-15 13:46:00,P0294
5,2021-09-15 21:36:00,P0284
5,2021-09-17 12:50:00,P0459
5,2021-09-19 21:44:00,P0357
5,2021-09-20 15:44:00,P0476
5,2021-09-21 15:00:00,P0235
5,2021-09-21 21:49:00,P0716
5,2021-09-23 07:17:00,P0609
5,2021-09-24 02:05:00,P0312
5,2021-09-25 12:37:00,P0431
5,2021-09-25 13:16:00,P0276
5,2021-09-26 20:39:00,P0085
5,2021-09-28 02:27:00,P0353
5,2021-09-30 23:09:00,P0417
5,2021-10-01 06:39:00,P0268
5,2021-10-01 15:14:00,P0270
5,2021-10-03 06:11:00,P0403
5,2021-10-04 21:55:00,P0074
5,2021-10-04 23:48:00,P0563
5,2021-10-09 20:32:00,P0053
5,2021-10-11 12:39:00,P0394
5,2021-10-15 00:52:00,P0048
5,2021-10-15 11:11:00,P0344
5,2021-10-16 23:34:00,P0167
5,2021-10-17 21:29:00,P0155
5,2021-10-18 03:01:00,P0408
5,2021-10-18 06:15:00,P0406
5,2021-10-19 02:34:00,P0577
5,2021-10-23 05:03:00,P0438
5,2021-10-26 10:28:00,P0170
5,2021-10-27 10:27:00,P0456
5,2021-10-28 10:48:00,P0356
5,2021-11-02 10:16:00,P0078
5,2021-11-02 10:48:00,P0398
5,2021-11-02 20:53:00,P0418
5,2021-11-04 16:40:00,P0355
5,2021-11-09 02:43:00,P0102
5,2021-11-09 18:13:00,P0334
5,2021-11-10 14:03:00,P0711
5,2021-11-13 02:55:00,P0069
5,2021-11-14 00:46:00,P0640
5,2021-11-14 13:28:00,P0104
5,2021-11-15 13:42:00,P0285
5,2021-11-16 19:40:00,P0209
5,2021-11-17 13:51:00,P0340
5,2021-11-29 04:15:00,P0413
5,2021-11-29 08:22:00,P0399
5,2021-12-02 05:49:00,P0441
5,2021-12-04 06:05:00,P0172
5,2021-12-06 17:53:00,P0032
5,2021-12-06 18:50:00,P0574
5,2021-12-07 10:15:00,P0439
5,2021-12-07 17:23:00,P0656
5,2021-12-09 14:06:00,P0064
5,2021-12-10 23:31:00,P0529
5,2021-12-13 16:24:00,P0178
5,2021-12-14 16:56:00,P0318
5,2021-12-17 18:52:00,P0389
5,2021-12-18 15:12:00,P0581
5,2021-12-19 00:37:00,P0645
5,2021-12-21 03:56:00,P0534
5,2021-12-21 06:21:00,P0383
5,2021-12-22 12:36:00,P0568
5,2021-12-22 18:46:00,P0161
5,2021-12-23 19:05:00,P0486
5,2021-12-24 01:12:00,P0326
5,2021-12-24 11:18:00,P0064
5,2021-12-24 21:39:00,P0092
5,2021-12-25 14:59:00,P0313
5,2021-12-26 05:13:00,P0309
5,2021-12-27 10:23:00,P0411
5,2021-12-30 20:37:00,P0480
5,2021-12-31 08:37:00,P0428
5,2021-12-31 12:18:00,P0333
5,2021-12-31 19:25:00,P0611
5,2022-01-02 11:24:00,P0293
5,2022-01-02 14:33:00,P0417
5,2022-01-09 08:49:00,P0290
5,2022-01-12 08:58:00,P0331
5,2022-01-15 23:37:00,P0037
5,2022-01-17 20:20:00,P0035
5,2022-01-22 13:04:00,P0280
5,2022-01-22 17:27:00,P0332
5,2022-01-24 11:43:00,P0594
5,2022-01-27 14:08:00,P0453
5,2022-01-28 06:26:00,P0283
5,2022-01-28 18:51:00,P0467
5,2022-01-29 17:51:00,P0293
5,2022-02-02 01:50:00,P0422
5,2022-02-02 19:29:00,P0518
5,2022-02-03 11:39:00,P0718
5,2022-02-03 13:02:00,P0426
5,2022-02-04 09:24:00,P0534
5,2022-02-04 17:07:00,P0227
5,2022-02-04 20:59:00,P0050
5,2022-02-06 14:47:00,P0499
5,2022-02-10 04:36:00,P0083
5,2022-02-10 18:17:00,P0592
5,2022-02-14 10:47:00,P0545
5,2022-02-15 12:24:00,P0475
5,2022-02-16 17:30:00,P0524
5,2022-02-17 05:44:00,P0263
5,2022-02-19 20:14:00,P0370
5,2022-02-24 00:18:00,P0560
5,2022-02-24 19:00:00,P0396
5,2022-02-24 21:28:00,P0510
5,2022-03-01 04:03:00,P0620
5,2022-03-01 07:14:00,P0282
5,2022-03-02 10:41:00,P0379
5,2022-03-03 22:44:00,P0606
5,2022-03-05 04:15:00,P0148
5,2022-03-07 00:11:00,P0622
5,2022-03-07 07:44:00,P0402
5,2022-03-10 09:23:00,P0431
5,2022-03-10 23:02:00,P0165
5,2022-03-11 15:18:00,P0637
5,2022-03-13 06:16:00,P0545
5,2022-03-13 21:01:00,P0608
5,2022-03-14 04:53:00,P0218
5,2022-03-18 06:33:00,P0265
5,2022-03-18 10:18:00,P0455
5,2022-03-18 20:09:00,P0465
5,2022-03-18 22:23:00,P0351
5,2022-03-23 04:01:00,P0352
5,2022-03-23 13:56:00,P0497
5,2022-03-24 09:23:00,P0347
5,2022-03-28 01:11:00,P0068
5,2022-03-29 01:22:00,P0452
5,2022-04-03 05:00:00,P0390
5,2022-04-03 13:36:00,P0305
5,2022-04-04 11:46:00,P0710
5,2022-04-05 15:00:00,P0053
5,2022-04-05 19:51:00,P0392
5,2022-04-06 20:36:00,P0393
5,2022-04-07 06:18:00,P0503
5,2022-04-08 04:31:00,P0446
5,2022-04-11 00:20:00,P0456
5,2022-04-11 02:22:00,P0646
5,2022-04-12 15:29:00,P0354
5,2022-04-13 09:15:00,P0579
5,2022-04-15 02:23:00,P0471
5,2022-04-15 09:51:00,P0150
5,2022-04-16 18:31:00,P0174
5,2022-04-17 02:57:00,P0099
5,2022-04-17 13:34:00,P0658
5,2022-04-19 04:50:00,P0259
5,2022-04-19 22:16:00,P0006
5,2022-04-21 22:17:00,P0270
5,2022-04-22 19:22:00,P0185
5,2022-04-25 03:18:00,P0333
5,2022-04-27 10:09:00,P0421
5,2022-04-27 19:52:00,P0489
5,2022-04-27 23:19:00,P0420
5,2022-04-30 02:57:00,P0440
5,2022-04-30 13:47:00,P0450
6,2021-05-05 15:00:00,P0634
6,2021-05-05 19:58:00,P0455
6,2021-05-07 02:59:00,P0497
6,2021-05-07 21:36:00,P0337
6,2021-05-08 11:56:00,P0451
6,2021-05-08 16:42:00,P0346
6,2021-05-09 06:58:00,P0096
6,2021-05-11 19:51:00,P0258
6,2021-05-12 03:19:00,P0471
6,2021-05-14 12:09:00,P0297
6,2021-05-15 22:08:00,P0368
6,2021-05-15 23:44:00,P0329
6,2021-05-16 09:28:00,P0399
6,2021-05-16 23:13:00,P0484
6,2021-05-18 09:03:00,P0284
6,2021-05-18 19:07:00,P0351
6,2021-05-19 13:13:00,P0364
6,2021-05-21 22:20:00,P0450
6,2021-05-23 10:57:00,P0265
6,2021-05-26 03:34:00,P0140
6,2021-05-27 06:49:00,P0463
6,2021-05-28 06:32:00,P0544
6,2021-05-29 04:12:00,P0494
6,2021-05-29 16:42:00,P0010
6,2021-05-30 10:52:00,P0431
6,2021-05-31 09:11:00,P0240
6,2021-05-31 09:45:00,P0424
6,2021-06-01 05:15:00,P0013
6,2021-06-03 05:17:00,P0217
6,2021-06-03 06:03:00,P0085
6,2021-06-04 12:53:00,P0715
6,2021-06-06 10:28:00,P0328
6,2021-06-07 00:29:00,P0361
6,2021-06-07 17:18:00,P0305
6,2021-06-09 07:50:00,P0234
6,2021-06-10 07:55:00,P0361
6,2021-06-13 21:27:00,P0260
6,2021-06-14 00:46:00,P0453
6,2021-06-14 04:45:00,P0304
6,2021-06-15 09:53:00,P0334
6,2021-06-15 19:07:00,P0680
6,2021-06-16 17:13:00,P0453
6,2021-06-18 22:41:00,P0228
6,2021-06-19 05:39:00,P0395
6,2021-06-19 08:20:00,P0358
6,2021-06-19 19:20:00,P0263
6,2021-06-20 00:04:00,P0387
6,2021-06-23 16:26:00,P0258
6,2021-06-25 18:02:00,P0531
6,2021-06-26 10:16:00,P0327
6,2021-06-26 18:45:00,P0482
6,2021-06-27 08:56:00,P0460
6,2021-06-28 04:44:00,P0418
6,2021-06-28 19:37:00,P0590
6,2021-06-28 22:05:00,P0416
6,2021-07-01 12:22:00,P0161
6,2021-07-03 17:38:00,P0253
6,2021-07-07 10:11:00,P0571
6,2021-07-13 02:00:00,P0363
6,2021-07-14 07:48:00,P0453
6,2021-07-16 06:48:00,P0343
6,2021-07-21 15:42:00,P0391
6,2021-07-21 20:59:00,P0598
6,2021-07-22 06:55:00,P0676
6,2021-07-22 16:10:00,P0080
6,2021-07-27 23:33:00,P0342
6,2021-07-30 04:05:00,P0167
6,2021-07-30 11:14:00,P0545
6,2021-07-31 19:33:00,P0385
6,2021-08-01 01:09:00,P0385
6,2021-08-02 02:01:00,P0112
6,2021-08-02 08:43:00,P0249
6,2021-08-04 09:45:00,P0742
6,2021-08-04 22:29:00,P0331
6,2021-08-05 11:11:00,P0200
6,2021-08-06 07:55:00,P0668
6,2021-08-06 12:40:00,P0511
6,2021-08-08 00:40:00,P0164
6,2021-08-08 16:10:00,P0711
6,2021-08-09 08:03:00,P0343
6,2021-08-09 09:30:00,P0526
6,2021-08-09 12:46:00,P0649
6,2021-08-09 23:04:00,P0110
6,2021-08-10 08:21:00,P0470
6,2021-08-10 21:26:00,P0408
6,2021-08-12 03:14:00,P0492
6,2021-08-13 20:04:00,P0173
6,2021-08-13 21:53:00,P0546
6,2021-08-14 05:10:00,P0092
6,2021-08-14 05:26:00,P0585
6,2021-08-15 08:31:00,P0302
6,2021-08-15 18:05:00,P0499
6,2021-08-17 06:20:00,P0049
6,2021-08-17 23:19:00,P0469
6,2021-08-18 19:39:00,P0204
6,2021-08-19 23:07:00,P0023
6,2021-08-21 07:38:00,P0190
6,2021-08-22 18:42:00,P0625
6,2021-08-22 18:49:00,P0259
6,2021-08-24 10:13:00,P0442
6,2021-08-24 19:01:00,P0512
6,2021-08-25 19:11:00,P0270
6,2021-08-28 16:23:00,P0524
6,2021-08-28 16:40:00,P0253
6,2021-08-29 01:18:00,P0414
6,2021-09-01 04:24:00,P0596
6,2021-09-03 04:07:00,P0247
6,2021-09-03 20:14:00,P0468
6,2021-09-04 12:18:00,P0363
6,2021-09-04 17:07:00,P0361
6,2021-09-05 12:32:00,P0283
6,2021-09-05 14:52:00,P0332
6,2021-09-07 09:00:00,P0333
6,2021-09-08 08:39:00,P0283
6,2021-09-08 11:01:00,P0668
6,2021-09-09 11:17:00,P0131
6,2021-09-11 05:49:00,P0419
6,2021-09-12 00:33:00,P0489
6,2021-09-13 06:03:00,P0489
6,2021-09-15 00:21:00,P0533
6,2021-09-15 02:53:00,P0467
6,2021-09-17 15:53:00,P0134
6,2021-09-17 18:20:00,P0314
6,2021-09-18 07:47:00,P0654
6,2021-09-19 10:16:00,P0264
6,2021-09-22 12:24:00,P0300
6,2021-09-24 02:07:00,P0162
6,2021-09-24 21:26:00,P0384
6,2021-09-25 17:38:00,P0360
6,2021-09-26 07:34:00,P0435
6,2021-09-29 10:47:00,P0646
6,2021-10-01 05:20:00,P0369
6,2021-10-01 21:30:00,P0556
6,2021-10-02 03:53:00,P0461
6,2021-10-03 13:37:00,P0275
6,2021-10-03 20:03:00,P0630
6,2021-10-05 12:38:00,P0600
6,2021-10-07 02:04:00,P0405
6,2021-10-09 03:28:00,P0237
6,2021-10-09 11:03:00,P0276
6,2021-10-10 16:17:00,P0396
6,2021-10-11 06:13:00,P0344
6,2021-10-11 15:42:00,P0272
6,2021-10-12 09:22:00,P0376
6,2021-10-17 13:05:00,P0628
6,2021-10-18 01:52:00,P0425
6,2021-10-18 09:11:00,P0385
6,2021-10-23 03:58:00,P0183
6,2021-10-23 06:49:00,P0621
6,2021-10-24 08:36:00,P0254
6,2021-10-24 20:12:00,P0282
6,2021-10-24 22:43:00,P0704
6,2021-10-27 03:31:00,P0044
6,2021-11-03 12:57:00,P0267
6,2021-11-04 10:25:00,P0247
6,2021-11-07 08:00:00,P0322
6,2021-11-08 03:37:00,P0063
6,2021-11-09 14:51:00,P0501
6,2021-11-11 12:35:00,P0341
6,2021-11-12 11:48:00,P0432
6,2021-11-12 17:02:00,P0715
6,2021-11-13 16:19:00,P0699
6,2021-11-13 19:39:00,P0623
6,2021-11-14 06:48:00,P0365
6,2021-11-16 04:19:00,P0092
6,2021-11-17 19:10:00,P0361
6,2021-11-18 14:12:00,P0286
6,2021-11-18 16:26:00,P0138
6,2021-11-19 21:09:00,P0114
6,2021-11-20 03:38:00,P0088
6,2021-11-20 04:01:00,P0574
6,2021-11-21 14:43:00,P0568
6,2021-11-21 22:23:00,P0138
6,2021-11-23 08:11:00,P0194
6,2021-11-24 01:24:00,P0171
6,2021-11-24 21:15:00,P0051
6,2021-11-25 03:16:00,P0580
6,2021-11-26 07:39:00,P0456
6,2021-11-26 11:54:00,P0467
6,2021-11-29 04:44:00,P0614
6,2021-11-30 13:49:00,P0329
6,2021-12-01 22:33:00,P0561
6,2021-12-03 23:27:00,P0556
6,2021-12-04 16:40:00,P0549
6,2021-12-06 04:36:00,P0241
6,2021-12-07 00:58:00,P0452
6,2021-12-08 18:13:00,P0344
6,2021-12-09 03:41:00,P0324
6,2021-12-09 06:50:00,P0340
6,2021-12-10 11:02:00,P0164
6,2021-12-12 00:45:00,P0623
6,2021-12-14 00:34:00,P0384
6,2021-12-14 05:50:00,P0176
6,2021-12-15 07:52:00,P0336
6,2021-12-18 00:34:00,P0327
6,2021-12-18 02:02:00,P0324
6,2021-12-22 03:19:00,P0295
6,2021-12-23 15:39:00,P0390
6,2021-12-24 19:10:00,P0625
6,2021-12-26 19:52:00,P0393
6,2021-12-28 06:35:00,P0216
6,2021-12-28 19:46:00,P0224
6,2021-12-29 19:39:00,P0567
6,2021-12-30 09:01:00,P0405
6,2021-12-30 21:48:00,P0393
6,2022-01-01 04:14:00,P0339
6,2022-01-02 09:40:00,P0218
6,2022-01-02 22:35:00,P0414
6,2022-01-03 22:26:00,P0695
6,2022-01-04 05:59:00,P0553
6,2022-01-05 12:33:00,P0466
6,2022-01-06 03:58:00,P0483
6,2022-01-06 17:22:00,P0339
6,2022-01-09 14:06:00,P0401
6,2022-01-09 17:10:00,P0258
6,2022-01-10 08:34:00,P0724
6,2022-01-10 22:21:00,P0413
6,2022-01-13 11:03:00,P0234
6,2022-01-15 00:48:00,P0279
6,2022-01-16 23:41:00,P0141
6,2022-01-18 00:05:00,P0332
6,2022-01-18 09:46:00,P0467
6,2022-01-18 14:28:00,P0402
6,2022-01-19 00:05:00,P0685
6,2022-01-20 10:14:00,P0411
6,2022-01-20 23:01:00,P0165
6,2022-01-26 11:29:00,P0059
6,2022-01-26 16:53:00,P0323
6,2022-01-26 17:47:00,P0293
6,2022-01-29 07:20:00,P0499
6,2022-02-02 15:34:00,P0146
6,2022-02-03 06:11:00,P0696
6,2022-02-03 20:57:00,P0098
6,2022-02-04 21:24:00,P0048
6,2022-02-05 01:55:00,P0268
6,2022-02-06 00:43:00,P0255
6,2022-02-07 03:57:00,P0510
6,2022-02-08 14:11:00,P0390
6,2022-02-09 09:54:00,P0305
6,2022-02-09 19:06:00,P0448
6,2022-02-10 08:54:00,P0572
6,2022-02-10 19:26:00,P0290
6,2022-02-11 04:07:00,P0292
6,2022-02-13 06:38:00,P0407
6,2022-02-13 17:23:00,P0259
6,2022-02-15 07:16:00,P0490
6,2022-02-15 08:04:00,P0293
6,2022-02-17 14:21:00,P0228
6,2022-02-18 03:44:00,P0667
6,2022-02-20 00:25:00,P0341
6,2022-02-20 06:32:00,P0563
6,2022-02-20 13:29:00,P0738
6,2022-02-24 05:04:00,P0415
6,2022-03-01 06:51:00,P0280
6,2022-03-01 20:25:00,P0302
6,2022-03-02 09:26:00,P0271
6,2022-03-02 20:36:00,P0482
6,2022-03-04 01:29:00,P0076
6,2022-03-05 10:56:00,P0233
6,2022-03-08 01:47:00,P0265
6,2022-03-08 06:23:00,P0394
6,2022-03-08 21:17:00,P0394
6,2022-03-08 23:22:00,P0413
6,2022-03-09 06:56:00,P0228
6,2022-03-11 05:53:00,P0259
6,2022-03-11 15:02:00,P0499
6,2022-03-12 10:13:00,P0446
6,2022-03-13 00:13:00,P0328
6,2022-03-13 06:17:00,P0502
6,2022-03-13 11:17:00,P0654
6,2022-03-14 21:29:00,P0587
6,2022-03-15 17:35:00,P0471
6,2022-03-16 06:19:00,P0493
6,2022-03-16 12:06:00,P0534
6,2022-03-17 18:08:00,P0454
6,2022-03-18 22:57:00,P0496
6,2022-03-20 17:51:00,P0038
6,2022-03-21 08:54:00,P0443
6,2022-03-23 01:54:00,P0090
6,2022-03-24 07:31:00,P0569
6,2022-03-25 16:25:00,P0576
6,2022-03-26 02:07:00,P0514
6,2022-03-28 05:28:00,P0173
6,2022-03-31 03:34:00,P0051
6,2022-04-01 00:23:00,P0430
6,2022-04-01 00:31:00,P0737
6,2022-04-01 02:58:00,P0176
6,2022-04-05 07:18:00,P0473
6,2022-04-09 12:13:00,P0200
6,2022-04-13 21:54:00,P0290
6,2022-04-14 13:21:00,P0553
6,2022-04-16 04:44:00,P0675
6,2022-04-16 06:48:00,P0496
6,2022-04-17 11:11:00,P0567
6,2022-04-18 13:56:00,P0447
6,2022-04-18 18:05:00,P0546
6,2022-04-18 23:29:00,P0520
6,2022-04-19 06:29:00,P0287
6,2022-04-20 00:26:00,P0395
6,2022-04-20 21:37:00,P0423
6,2022-04-20 22:46:00,P0604
6,2022-04-22 07:40:00,P0264
6,2022-04-24 20:44:00,P0407
6,2022-04-25 20:48:00,P0388
6,2022-04-29 09:49:00,P0169
6,2022-04-29 21:32:00,P0291
6,2022-04-30 07:41:00,P0634
7,2021-05-04 09:58:00,P0074
7,2021-05-06 05:16:00,P0432
7,2021-05-12 21:50:00,P0512
7,2021-05-17 05:53:00,P0575
7,2021-05-19 16:12:00,P0010
7,2021-05-20 23:24:00,P0245
7,2021-05-24 06:11:00,P0409
7,2021-05-27 09:50:00,P0462
7,2021-05-27 12:25:00,P0640
7,2021-05-28 06:47:00,P0158
7,2021-05-30 17:54:00,P0661
7,2021-06-04 09:45:00,P0408
7,2021-06-04 14:39:00,P0337
7,2021-06-07 12:25:00,P0369
7,2021-06-09 03:32:00,P0456
7,2021-06-09 22:01:00,P0270
7,2021-06-10 07:28:00,P0692
7,2021-06-12 12:19:00,P0115
7,2021-06-12 18:39:00,P0366
7,2021-06-13 10:31:00,P0351
7,2021-06-14 03:44:00,P0362
7,2021-06-14 21:28:00,P0595
7,2021-06-17 10:23:00,P0255
7,2021-06-17 13:06:00,P0492
7,2021-06-18 04:04:00,P0431
7,2021-06-18 09:51:00,P0228
7,2021-06-19 07:53:00,P0097
7,2021-06-20 22:42:00,P0164
7,2021-06-21 08:38:00,P0432
7,2021-06-24 11:45:00,P0410
7,2021-06-26 02:35:00,P0556
7,2021-06-27 14:31:00,P0412
7,2021-06-28 09:47:00,P0300
7,2021-07-04 22:04:00,P0296
7,2021-07-05 00:20:00,P0569
7,2021-07-07 03:08:00,P0406
7,2021-07-07 12:37:00,P0280
7,2021-07-07 19:20:00,P0440
7,2021-07-10 09:07:00,P0296
7,2021-07-12 01:19:00,P0529
7,2021-07-12 13:33:00,P0658
7,2021-07-13 09:21:00,P0357
7,2021-07-13 20:11:00,P0544
7,2021-07-14 14:19:00,P0455
7,2021-07-14 19:58:00,P0358
7,2021-07-17 02:36:00,P0135
7,2021-07-17 14:00:00,P0310
7,2021-07-17 20:41:00,P0038
7,2021-07-17 23:56:00,P0282
7,2021-07-19 16:40:00,P0183
7,2021-07-26 19:26:00,P0287
7,2021-07-31 16:00:00,P0361
7,2021-08-01 22:51:00,P0203
7,2021-08-05 08:58:00,P0122
7,2021-08-08 15:19:00,P0356
7,2021-08-09 13:03:00,P0346
7,2021-08-09 21:45:00,P0416
7,2021-08-11 20:56:00,P0323
7,2021-08-12 22:19:00,P0747
7,2021-08-13 09:01:00,P0323
7,2021-08-13 17:09:00,P0336
7,2021-08-13 21:43:00,P0287
7,2021-08-15 03:19:00,P0171
7,2021-08-16 00:15:00,P0520
7,2021-08-16 06:54:00,P0504
7,2021-08-17 08:13:00,P0275
7,2021-08-21 18:00:00,P0258
7,2021-08-25 22:51:00,P0452
7,2021-08-26 14:57:00,P0190
7,2021-08-29 15:04:00,P0023
7,2021-08-31 16:24:00,P0418
7,2021-09-04 04:03:00,P0716
7,2021-09-05 07:22:00,P0546
7,2021-09-05 18:18:00,P0744
7,2021-09-06 07:05:00,P0519
7,2021-09-07 07:55:00,P0459
7,2021-09-09 21:24:00,P0217
7,2021-09-10 19:00:00,P0440
7,2021-09-12 20:57:00,P0037
7,2021-09-14 14:06:00,P0098
7,2021-09-17 02:08:00,P0263
7,2021-09-17 16:56:00,P0401
7,2021-09-19 03:10:00,P0491
7,2021-09-19 19:22:00,P0346
7,2021-09-19 21:01:00,P0556
7,2021-09-21 21:37:00,P0352
7,2021-09-24 20:19:00,P0251
7,2021-09-25 05:04:00,P0321
7,2021-09-27 13:57:00,P0363
7,2021-09-27 14:50:00,P0268
7,2021-09-28 02:11:00,P0289
7,2021-09-28 07:33:00,P0577
7,2021-09-28 17:55:00,P0707
7,2021-09-29 09:25:00,P0486
7,2021-09-29 10:44:00,P0532
7,2021-10-03 12:02:00,P0452
7,2021-10-03 22:05:00,P0336
7,2021-10-04 03:56:00,P0141
7,2021-10-08 09:15:00,P0536
7,2021-10-12 11:38:00,P0136
7,2021-10-14 11:51:00,P0623
7,2021-10-16 09:23:00,P0264
7,2021-10-17 21:15:00,P0419
7,2021-10-18 12:33:00,P0129
7,2021-10-21 06:44:00,P0290
7,2021-10-22 08:58:00,P0590
7,2021-10-23 14:53:00,P0594
7,2021-10-26 06:30:00,P0516
7,2021-10-27 03:27:00,P0217
7,2021-10-27 13:12:00,P0105
7,2021-10-30 02:21:00,P0599
7,2021-10-30 03:04:00,P0538
7,2021-11-01 09:20:00,P0173
7,2021-11-02 06:18:00,P0239
7,2021-11-02 20:48:00,P0480
7,2021-11-04 22:55:00,P0080
7,2021-11-06 03:00:00,P0237
7,2021-11-07 13:54:00,P0169
7,2021-11-08 07:47:00,P0297
7,2021-11-08 18:26:00,P0356
7,2021-11-09 20:22:00,P0538
7,2021-11-11 14:50:00,P0456
7,2021-11-14 00:03:00,P0154
7,2021-11-15 05:08:00,P0012
7,2021-11-15 06:55:00,P0730
7,2021-11-15 11:17:00,P0184
7,2021-11-16 02:54:00,P0373
7,2021-11-16 10:10:00,P0222
7,2021-11-16 18:45:00,P0643
7,2021-11-18 21:55:00,P0544
7,2021-11-19 03:45:00,P0468
7,2021-11-20 17:34:00,P0463
7,2021-11-21 10:18:00,P0491
7,2021-11-22 20:50:00,P0676
7,2021-11-23 01:37:00,P0660
7,2021-11-28 00:49:00,P0433
7,2021-11-29 01:38:00,P0152
7,2021-12-01 19:39:00,P0256
7,2021-12-02 02:02:00,P0592
7,2021-12-02 19:26:00,P0658
7,2021-12-03 01:43:00,P0399
7,2021-12-03 04:43:00,P0429
7,2021-12-03 13:53:00,P0280
7,2021-12-03 17:38:00,P0510
7,2021-12-04 20:57:00,P0283
7,2021-12-05 04:21:00,P0323
7,2021-12-06 11:35:00,P0023
7,2021-12-07 12:14:00,P0704
7,2021-12-10 13:26:00,P0642
7,2021-12-10 22:16:00,P0548
7,2021-12-11 21:59:00,P0679
7,2021-12-12 12:35:00,P0568
7,2021-12-13 01:45:00,P0276
7,2021-12-13 16:43:00,P0521
7,2021-12-14 10:32:00,P0352
7,2021-12-14 23:52:00,P0127
7,2021-12-17 00:50:00,P0407
7,2021-12-17 06:26:00,P0719
7,2021-12-18 10:51:00,P0339
7,2021-12-19 02:21:00,P0171
7,2021-12-19 13:46:00,P0400
7,2021-12-20 02:23:00,P0371
7,2021-12-23 17:12:00,P0188
7,2021-12-23 19:26:00,P0375
7,2021-12-24 20:21:00,P0553
7,2021-12-28 23:11:00,P0448
7,2021-12-29 01:34:00,P0646
7,2021-12-30 04:01:00,P0430
7,2021-12-31 12:09:00,P0588
7,2022-01-01 12:47:00,P0657
7,2022-01-05 20:43:00,P0486
7,2022-01-06 15:08:00,P0115
7,2022-01-07 12:15:00,P0245
7,2022-01-08 19:42:00,P0715
7,2022-01-09 14:35:00,P0406
7,2022-01-10 21:42:00,P0458
7,2022-01-12 15:30:00,P0304
7,2022-01-12 15:50:00,P0311
7,2022-01-14 19:06:00,P0384
7,2022-01-17 23:37:00,P0393
7,2022-01-20 07:04:00,P0355
7,2022-01-20 11:36:00,P0552
7,2022-01-22 20:39:00,P0496
7,2022-01-23 13:21:00,P0387
7,2022-01-24 02:21:00,P0336
7,2022-01-24 22:10:00,P0532
7,2022-01-25 13:14:00,P0453
7,2022-01-26 07:52:00,P0502
7,2022-01-28 01:29:00,P0489
7,2022-01-28 09:50:00,P0519
7,2022-01-28 17:47:00,P0241
7,2022-01-30 14:48:00,P0247
7,2022-01-31 13:05:00,P0534
7,2022-02-01 20:03:00,P0427
7,2022-02-05 03:19:00,P0523
7,2022-02-05 09:51:00,P0504
7,2022-02-06 08:36:00,P0290
7,2022-02-06 09:21:00,P0180
7,2022-02-07 03:36:00,P0603
7,2022-02-09 03:41:00,P0099
7,2022-02-09 15:50:00,P0238
7,2022-02-11 06:55:00,P0443
7,2022-02-13 20:22:00,P0351
7,2022-02-13 22:22:00,P0423
7,2022-02-13 22:57:00,P0321
7,2022-02-14 01:25:00,P0264
7,2022-02-14 23:14:00,P0348
7,2022-02-16 22:35:00,P0354
7,2022-02-18 10:01:00,P0352
7,2022-02-19 20:07:00,P0669
7,2022-02-20 02:18:00,P0638
7,2022-02-22 02:47:00,P0727
7,2022-02-24 03:43:00,P0417
7,2022-02-24 16:33:00,P0476
7,2022-02-25 20:10:00,P0493
7,2022-02-26 03:02:00,P0397
7,2022-02-27 18:51:00,P0669
7,2022-02-28 14:11:00,P0270
7,2022-02-28 14:23:00,P0570
7,2022-03-03 07:32:00,P0110
7,2022-03-04 11:36:00,P0454
7,2022-03-05 10:45:00,P0582
7,2022-03-06 14:04:00,P0546
7,2022-03-07 10:02:00,P0469
7,2022-03-09 07:39:00,P0470
7,2022-03-10 23:38:00,P0649
7,2022-03-12 03:27:00,P0268
7,2022-03-14 08:02:00,P0467
7,2022-03-14 08:40:00,P0540
7,2022-03-16 00:40:00,P0263
7,2022-03-16 11:52:00,P0127
7,2022-03-19 18:54:00,P0448
7,2022-03-20 23:53:00,P0548
7,2022-03-25 00:00:00,P0204
7,2022-03-26 06:43:00,P0205
7,2022-03-26 20:01:00,P0071
7,2022-03-27 08:26:00,P0458
7,2022-03-27 15:31:00,P0423
7,2022-03-28 16:18:00,P0329
7,2022-03-28 19:10:00,P0641
7,2022-04-01 02:51:00,P0235
7,2022-04-01 05:19:00,P0294
7,2022-04-01 13:30:00,P0122
7,2022-04-02 17:29:00,P0202
7,2022-04-03 14:47:00,P0344
7,2022-04-03 20:15:00,P0414
7,2022-04-04 05:50:00,P0100
7,2022-04-08 08:03:00,P0371
7,2022-04-11 08:50:00,P0410
7,2022-04-11 21:01:00,P0195
7,2022-04-11 23:12:00,P0621
7,2022-04-14 01:13:00,P0603
7,2022-04-14 07:42:00,P0566
7,2022-04-20 03:10:00,P0383
7,2022-04-20 09:21:00,P0317
7,2022-04-22 01:05:00,P0467
7,2022-04-22 22:36:00,P0470
7,2022-04-26 17:46:00,P0518
7,2022-04-28 13:10:00,P0233
7,2022-04-28 17:01:00,P0104
7,2022-04-29 03:52:00,P0310
7,2022-04-30 07:09:00,P0457
7,2022-04-30 10:41:00,P0258
7,2022-04-30 10:51:00,P0177
8,2021-05-04 05:20:00,P0431
8,2021-05-10 06:25:00,P0410
8,2021-05-11 07:20:00,P0628
8,2021-05-12 18:32:00,P0545
8,2021-05-12 19:00:00,P0671
8,2021-05-13 07:17:00,P0423
8,2021-05-13 18:45:00,P0584
8,2021-05-14 19:50:00,P0086
8,2021-05-17 05:01:00,P0720
8,2021-05-24 04:03:00,P0517
8,2021-05-25 15:39:00,P0640
8,2021-05-28 12:53:00,P0254
8,2021-05-29 11:30:00,P0223
8,2021-05-31 20:15:00,P0199
8,2021-06-06 20:06:00,P0450
8,2021-06-07 02:14:00,P0375
8,2021-06-07 13:28:00,P0283
8,2021-06-10 04:48:00,P0417
8,2021-06-11 19:25:00,P0527
8,2021-06-12 01:24:00,P0463
8,2021-06-13 15:33:00,P0139
8,2021-06-21 02:55:00,P0446
8,2021-06-22 10:13:00,P0204
8,2021-06-22 14:53:00,P0379
8,2021-06-23 03:48:00,P0126
8,2021-06-27 09:28:00,P0521
8,2021-06-28 09:03:00,P0296
8,2021-07-01 18:31:00,P0203
8,2021-07-02 10:52:00,P0072
8,2021-07-02 15:02:00,P0329
8,2021-07-04 09:00:00,P0364
8,2021-07-06 22:11:00,P0588
8,2021-07-08 09:11:00,P0242
8,2021-07-17 07:24:00,P0432
8,2021-07-19 08:01:00,P0226
8,2021-07-24 14:10:00,P0266
8,2021-07-25 16:49:00,P0278
8,2021-07-31 20:37:00,P0291
8,2021-08-01 00:07:00,P0559
8,2021-08-09 09:14:00,P0547
8,2021-08-09 10:43:00,P0235
8,2021-08-10 01:46:00,P0474
8,2021-08-20 11:01:00,P0151
8,2021-08-22 10:10:00,P0400
8,2021-08-22 23:39:00,P0513
8,2021-08-25 06:21:00,P0454
8,2021-08-29 22:02:00,P0240
8,2021-08-30 12:37:00,P0527
8,2021-08-31 10:07:00,P0662
8,2021-09-01 02:27:00,P0260
8,2021-09-01 04:52:00,P0102
8,2021-09-01 09:46:00,P0292
8,2021-09-07 14:58:00,P0595
8,2021-09-13 15:57:00,P0022
8,2021-09-14 02:58:00,P0208
8,2021-09-15 11:29:00,P0398
8,2021-09-21 07:17:00,P0222
8,2021-09-23 19:04:00,P0585
8,2021-09-26 22:45:00,P0398
8,2021-09-27 12:51:00,P0285
8,2021-09-28 21:07:00,P0180
8,2021-09-30 13:23:00,P0394
8,2021-09-30 14:48:00,P0649
8,2021-10-02 07:16:00,P0425
8,2021-10-03 15:40:00,P0269
8,2021-10-04 03:45:00,P0375
8,2021-10-05 19:19:00,P0283
8,2021-10-07 06:52:00,P0159
8,2021-10-08 22:32:00,P0425
8,2021-10-10 10:43:00,P0428
8,2021-10-11 08:47:00,P0609
8,2021-10-12 07:56:00,P0490
8,2021-10-15 01:51:00,P0304
8,2021-10-19 23:39:00,P0430
8,2021-10-20 15:51:00,P0566
8,2021-10-23 04:26:00,P0517
8,2021-10-24 02:56:00,P0408
8,2021-10-26 06:06:00,P0386
8,2021-10-28 12:53:00,P0220
8,2021-11-01 00:40:00,P0281
8,2021-11-01 12:09:00,P0278
8,2021-11-10 02:15:00,P0402
8,2021-11-18 15:40:00,P0466
8,2021-11-19 02:35:00,P0633
8,2021-11-20 11:38:00,P0671
8,2021-11-21 05:56:00,P0518
8,2021-11-23 01:28:00,P0353
8,2021-11-24 07:05:00,P0180
8,2021-11-28 06:18:00,P0110
8,2021-12-05 02:53:00,P0326
8,2021-12-15 16:11:00,P0563
8,2021-12-17 15:56:00,P0397
8,2021-12-18 20:29:00,P0298
8,2021-12-19 11:11:00,P0339
8,2021-12-19 21:21:00,P0510
8,2021-12-21 08:44:00,P0681
8,2021-12-22 06:21:00,P0534
8,2021-12-28 13:01:00,P0295
8,2021-12-29 21:01:00,P0675
8,2022-01-02 02:58:00,P0710
8,2022-01-04 01:35:00,P0576
8,2022-01-11 03:45:00,P0177
8,2022-01-12 21:25:00,P0455
8,2022-01-16 21:20:00,P0313
8,2022-01-19 08:51:00,P0223
8,2022-01-20 12:57:00,P0652
8,2022-01-20 23:26:00,P0213
8,2022-01-21 15:16:00,P0270
8,2022-01-26 14:54:00,P0460
8,2022-01-28 04:21:00,P0366
8,2022-01-29 00:04:00,P0116
8,2022-01-30 08:25:00,P0595
8,2022-02-01 00:05:00,P0319
8,2022-02-01 04:21:00,P0403
8,2022-02-01 12:06:00,P0371
8,2022-02-04 05:16:00,P0484
8,2022-02-06 23:53:00,P0286
8,2022-02-07 01:33:00,P0446
8,2022-02-08 04:52:00,P0065
8,2022-02-09 17:43:00,P0493
8,2022-02-11 01:52:00,P0012
8,2022-02-12 06:29:00,P0073
8,2022-02-12 16:08:00,P0270
8,2022-02-15 15:02:00,P0623
8,2022-02-17 23:33:00,P0343
8,2022-02-19 09:53:00,P0228
8,2022-02-23 01:49:00,P0413
8,2022-02-24 01:35:00,P0221
8,2022-03-01 05:20:00,P0151
8,2022-03-03 04:25:00,P0607
8,2022-03-03 08:41:00,P0636
8,2022-03-04 19:28:00,P0339
8,2022-03-05 03:06:00,P0485
8,2022-03-05 14:23:00,P0643
8,2022-03-05 17:59:00,P0405
8,2022-03-07 19:00:00,P0493
8,2022-03-09 07:22:00,P0276
8,2022-03-09 14:18:00,P0215
8,2022-03-09 22:01:00,P0344
8,2022-03-11 13:13:00,P0163
8,2022-03-14 07:14:00,P0452
8,2022-03-15 10:50:00,P0461
8,2022-03-18 08:57:00,P0387
8,2022-03-21 12:41:00,P0213
8,2022-03-24 02:55:00,P0046
8,2022-03-27 07:57:00,P0178
8,2022-03-28 06:26:00,P0676
8,2022-03-31 01:40:00,P0292
8,2022-04-03 01:24:00,P0425
8,2022-04-04 05:55:00,P0258
8,2022-04-06 15:18:00,P0264
8,2022-04-07 07:21:00,P0285
8,2022-04-08 06:27:00,P0610
8,2022-04-08 08:10:00,P0218
8,2022-04-16 07:39:00,P0411
8,2022-04-20 12:46:00,P0641
8,2022-04-22 06:54:00,P0203
8,2022-04-22 23:50:00,P0388
9,2021-05-07 14:50:00,P0396
9,2021-05-09 18:01:00,P0676
9,2021-05-11 06:56:00,P0516
9,2021-05-14 18:30:00,P0690
9,2021-05-22 16:40:00,P0002
9,2021-05-23 21:40:00,P0247
9,2021-06-02 20:35:00,P0462
9,2021-06-07 20:17:00,P0345
9,2021-06-16 06:37:00,P0451
9,2021-06-19 21:07:00,P0060
9,2021-06-27 15:07:00,P0035
9,2021-06-28 13:40:00,P0006
9,2021-06-28 16:43:00,P0524
9,2021-06-30 17:12:00,P0232
9,2021-07-03 04:40:00,P0318
9,2021-07-03 09:33:00,P0658
9,2021-07-04 22:40:00,P0748
9,2021-07-05 02:15:00,P0551
9,2021-07-09 11:27:00,P0486
9,2021-07-10 09:42:00,P0110
9,2021-07-15 16:20:00,P0632
9,2021-07-17 05:55:00,P0170
9,2021-07-20 02:59:00,P0366
9,2021-07-28 11:23:00,P0364
9,2021-08-10 19:21:00,P0534
9,2021-08-14 21:45:00,P0285
9,2021-08-15 21:24:00,P0647
9,2021-08-18 12:22:00,P0602
9,2021-08-26 23:20:00,P0114
9,2021-09-03 00:30:00,P0498
9,2021-09-05 01:31:00,P0317
9,2021-09-09 20:39:00,P0264
9,2021-09-13 15:25:00,P0116
9,2021-09-13 20:06:00,P0711
9,2021-09-21 08:49:00,P0281
9,2021-09-23 03:35:00,P0298
9,2021-09-24 05:36:00,P0179
9,2021-09-24 17:37:00,P0531
9,2021-09-27 15:59:00,P0135
9,2021-10-01 18:15:00,P0527
9,2021-10-04 01:27:00,P0484
9,2021-10-05 17:33:00,P0705
9,2021-10-09 00:50:00,P0579
9,2021-10-14 21:41:00,P0334
9,2021-10-18 05:10:00,P0433
9,2021-10-21 05:40:00,P0550
9,2021-10-29 11:38:00,P0587
9,2021-11-03 23:27:00,P0317
9,2021-11-11 19:36:00,P0203
9,2021-11-20 14:21:00,P0324
9,2021-11-26 18:16:00,P0487
9,2021-11-28 23:07:00,P0632
9,2021-11-29 16:01:00,P0556
9,2021-12-02 16:47:00,P0658
9,2021-12-05 04:40:00,P0064
9,2021-12-06 11:49:00,P0251
9,2021-12-07 10:22:00,P0318
9,2021-12-22 22:26:00,P0346
9,2021-12-27 00:25:00,P0412
9,2021-12-29 09:37:00,P0284
9,2021-12-31 05:22:00,P0376
9,2022-01-02 19:59:00,P0094
9,2022-01-02 23:49:00,P0128
9,2022-01-14 02:21:00,P0225
9,2022-01-14 17:28:00,P0333
9,2022-01-18 02:36:00,P0069
9,2022-01-23 09:43:00,P0396
9,2022-01-27 18:40:00,P0104
9,2022-01-30 18:58:00,P0592
9,2022-02-09 19:23:00,P0011
9,2022-02-13 03:33:00,P0526
9,2022-02-17 15:31:00,P0205
9,2022-02-24 05:20:00,P0325
9,2022-03-04 06:14:00,P0583
9,2022-03-08 12:55:00,P0575
9,2022-03-16 00:40:00,P0265
9,2022-03-21 03:51:00,P0156
9,2022-03-26 04:33:00,P0113
9,2022-03-26 08:18:00,P0511
9,2022-03-30 18:07:00,P0555
9,2022-04-05 10:25:00,P0403
9,2022-04-15 04:11:00,P0714
9,2022-04-15 19:30:00,P0370
9,2022-04-23 01:42:00,P0317
9,2022-04-27 05:15:00,P0094
9,2022-04-28 08:56:00,P0164
10,2021-05-10 15:11:00,P0411
10,2021-05-11 15:06:00,P0461
10,2021-06-08 20:52:00,P0622
10,2021-06-10 17:18:00,P0334
10,2021-06-19 00:28:00,P0319
10,2021-06-22 14:27:00,P0392
10,2021-07-13 21:56:00,P0269
10,2021-08-02 10:37:00,P0224
10,2021-08-09 05:41:00,P0623
10,2021-09-05 12:41:00,P0337
10,2021-09-09 16:42:00,P0182
10,2021-09-15 16:01:00,P0199
10,2021-09-23 05:41:00,P0380
10,2021-09-25 12:04:00,P0194
10,2021-09-29 16:47:00,P0215
10,2021-10-16 15:55:00,P0466
10,2021-10-18 19:12:00,P0441
10,2021-11-19 02:23:00,P0517
10,2021-11-23 14:04:00,P0336
10,2021-12-01 15:45:00,P0484
10,2021-12-06 00:05:00,P0616
10,2021-12-16 12:47:00,P0347
10,2021-12-26 04:55:00,P0328
10,2022-01-02 12:24:00,P0099
10,2022-01-04 05:01:00,P0254
10,2022-01-05 11:17:00,P0020
10,2022-01-24 19:19:00,P0636
10,2022-02-19 14:42:00,P0390
10,2022-03-02 16:33:00,P0584
10,2022-03-08 09:15:00,P0172
10,2022-03-16 13:22:00,P0186
10,2022-03-23 18:34:00,P0398
10,2022-04-04 00:21:00,P0419
10,2022-04-08 18:51:00,P0618
11,2021-07-02 04:38:00,P0418
11,2021-07-06 23:51:00,P0238
11,2021-07-26 21:20:00,P0452
11,2021-10-11 05:28:00,P0310
11,2021-11-15 05:54:00,P0136
11,2021-12-13 12:01:00,P0658
11,2022-03-09 15:05:00,P0080
11,2022-04-10 00:00:00,P0265
11,2022-04-10 07:58:00,P0528
11,2022-04-10 14:18:00,P0366
12,2021-07-01 07:19:00,P0305
12,2021-07-15 15:01:00,P0475
12,2021-07-20 00:47:00,P0629
12,2021-12-25 14:42:00,P0708
