{
    "name": "Just10Sec",
    "properties": {
        "annotations": [],
        "runtimeState": "Started",
        "pipelines": [
            {
                "pipelineReference": {
                    "referenceName": "getFactsPipeline",
                    "type": "PipelineReference"
                }
            }
        ],
        "type": "ScheduleTrigger",
        "typeProperties": {
            "recurrence": {
                "frequency": "Hour",
                "interval": 1,
                "startTime": "2025-04-17T01:02:00",
                "timeZone": "Singapore Standard Time"
            }
        }
    }
}