{
    "name": "storageTrigger",
    "properties": {
        "annotations": [],
        "runtimeState": "Started",
        "pipelines": [
            {
                "pipelineReference": {
                    "referenceName": "ProdPipeLine",
                    "type": "PipelineReference"
                }
            }
        ],
        "type": "BlobEventsTrigger",
        "typeProperties": {
            "blobPathBeginsWith": "/source/blobs/csvfile",
            "ignoreEmptyBlobs": true,
            "scope": "/subscriptions/050f5e3c-c0ea-45b1-b466-0ed0c6346117/resourceGroups/AzureDataFactoryHandsOn/providers/Microsoft.Storage/storageAccounts/azaccstorageadfgirald",
            "events": [
                "Microsoft.Storage.BlobCreated"
            ]
        }
    }
}