{
    "now": "2025-04-16T18:21:05.872Z",
    "perfNow": 9198449.400000036,
    "diagnosticCorrelation": "fa323a4f-b971-4254-9418-8c88cf5cc29f",
    "source": "DownloadSupportFiles",
    "environment": {
        "productName": "adf",
        "buildVersion": "1.0.033125.0",
        "environmentType": 3,
        "resourceName": "adfhandsongirald",
        "resourceRegion": "eastus",
        "resourceGroup": "AzureDataFactoryHandsOn",
        "subscriptionId": "050f5e3c-c0ea-45b1-b466-0ed0c6346117",
        "sessionId": "wQlIYskvl6ABvluBrvcxwW",
        "operationId": "",
        "gitType": "live",
        "loggingKey": "cde0d983-0626-4f26-af49-1752777ebda9"
    },
    "additionalInfo": {
        "selectedResource": "metaDataSet",
        "selectedResourceType": "dataset"
    }
}