{
    "now": "2025-04-16T18:20:59.695Z",
    "perfNow": 9192273,
    "diagnosticCorrelation": "402a29b7-a20c-4104-a2f7-c2460350d4d5",
    "source": "DownloadSupportFiles",
    "environment": {
        "productName": "adf",
        "buildVersion": "1.0.033125.0",
        "environmentType": 3,
        "resourceName": "adfhandsongirald",
        "resourceRegion": "eastus",
        "resourceGroup": "AzureDataFactoryHandsOn",
        "subscriptionId": "050f5e3c-c0ea-45b1-b466-0ed0c6346117",
        "sessionId": "wQlIYskvl6ABvluBrvcxwW",
        "operationId": "",
        "gitType": "live",
        "loggingKey": "cde0d983-0626-4f26-af49-1752777ebda9"
    },
    "additionalInfo": {
        "selectedResource": "dataflowsrc",
        "selectedResourceType": "dataset"
    }
}