{
    "name": "srcHttpDataSet",
    "properties": {
        "linkedServiceName": {
            "referenceName": "srcHttp",
            "type": "LinkedServiceReference"
        },
        "annotations": [],
        "type": "DelimitedText",
        "typeProperties": {
            "location": {
                "type": "HttpServerLocation",
                "relativeUrl": "girald02/AZDataFactoryHandsOn/refs/heads/main/raw_data/Fact_Sales.csv"
            },
            "columnDelimiter": ",",
            "escapeChar": "\\",
            "firstRowAsHeader": true,
            "quoteChar": "\""
        },
        "schema": []
    },
    "type": "Microsoft.DataFactory/factories/datasets"
}