{
    "now": "2025-04-16T18:21:11.304Z",
    "perfNow": 9203882,
    "diagnosticCorrelation": "836ef05b-6c20-4945-b45c-938282c4f9bd",
    "source": "DownloadSupportFiles",
    "environment": {
        "productName": "adf",
        "buildVersion": "1.0.033125.0",
        "environmentType": 3,
        "resourceName": "adfhandsongirald",
        "resourceRegion": "eastus",
        "resourceGroup": "AzureDataFactoryHandsOn",
        "subscriptionId": "050f5e3c-c0ea-45b1-b466-0ed0c6346117",
        "sessionId": "wQlIYskvl6ABvluBrvcxwW",
        "operationId": "",
        "gitType": "live",
        "loggingKey": "cde0d983-0626-4f26-af49-1752777ebda9"
    },
    "additionalInfo": {
        "selectedResource": "reportDataSet",
        "selectedResourceType": "dataset"
    }
}