{
    "name": "param_dstDataSet",
    "properties": {
        "linkedServiceName": {
            "referenceName": "mylinkservice",
            "type": "LinkedServiceReference"
        },
        "parameters": {
            "param_name": {
                "type": "string"
            }
        },
        "annotations": [],
        "type": "DelimitedText",
        "typeProperties": {
            "location": {
                "type": "AzureBlobFSLocation",
                "fileName": {
                    "value": "@dataset().param_name",
                    "type": "Expression"
                },
                "fileSystem": "destination"
            },
            "columnDelimiter": ",",
            "escapeChar": "\\",
            "firstRowAsHeader": true,
            "quoteChar": "\""
        },
        "schema": []
    }
}