{
    "name": "dataflowTransformation",
    "properties": {
        "type": "MappingDataFlow",
        "typeProperties": {
            "sources": [
                {
                    "dataset": {
                        "referenceName": "dataflowsrc",
                        "type": "DatasetReference"
                    },
                    "name": "dataflowSource"
                }
            ],
            "sinks": [
                {
                    "dataset": {
                        "referenceName": "outputdataSet",
                        "type": "DatasetReference"
                    },
                    "name": "transferoutput"
                }
            ],
            "transformations": [
                {
                    "name": "SelectColumn"
                },
                {
                    "name": "filterData"
                },
                {
                    "name": "CheckCardType"
                },
                {
                    "name": "aggregate1"
                },
                {
                    "name": "alterRow1"
                }
            ],
            "scriptLines": [
                "source(output(",
                "          transaction_id as short,",
                "          transactional_date as timestamp,",
                "          product_id as string,",
                "          customer_id as short,",
                "          payment as string,",
                "          credit_card as long,",
                "          loyalty_card as boolean,",
                "          cost as double,",
                "          quantity as short,",
                "          price as double,",
                "          {_c10} as string",
                "     ),",
                "     allowSchemaDrift: true,",
                "     validateSchema: false,",
                "     ignoreNoFilesFound: false) ~> dataflowSource",
                "dataflowSource select(mapColumn(",
                "          transaction_id,",
                "          transactional_date,",
                "          product_id,",
                "          customer_id,",
                "          payment,",
                "          price,",
                "          {_c10}",
                "     ),",
                "     skipDuplicateMapInputs: true,",
                "     skipDuplicateMapOutputs: true) ~> SelectColumn",
                "SelectColumn filter(transaction_id != 4411) ~> filterData",
                "filterData split(payment == \"mastercard\",",
                "     payment == \"americanexpress\",",
                "     payment == \"visa\",",
                "     disjoint: false) ~> CheckCardType@(mastercard, americanexpress, visa)",
                "CheckCardType@mastercard aggregate(groupBy(customer_id,",
                "          transactional_date),",
                "     product_id = max(product_id)) ~> aggregate1",
                "aggregate1 alterRow(insertIf(1==1)) ~> alterRow1",
                "alterRow1 sink(allowSchemaDrift: true,",
                "     validateSchema: false,",
                "     umask: 0022,",
                "     preCommands: [],",
                "     postCommands: [],",
                "     skipDuplicateMapInputs: true,",
                "     skipDuplicateMapOutputs: true) ~> transferoutput"
            ]
        }
    }
}