{
    "now": "2025-04-16T18:20:54.656Z",
    "perfNow": 9187233.800000012,
    "diagnosticCorrelation": "582a62b2-7679-4f86-8853-1119e0ff90aa",
    "source": "DownloadSupportFiles",
    "environment": {
        "productName": "adf",
        "buildVersion": "1.0.033125.0",
        "environmentType": 3,
        "resourceName": "adfhandsongirald",
        "resourceRegion": "eastus",
        "resourceGroup": "AzureDataFactoryHandsOn",
        "subscriptionId": "050f5e3c-c0ea-45b1-b466-0ed0c6346117",
        "sessionId": "wQlIYskvl6ABvluBrvcxwW",
        "operationId": "",
        "gitType": "live",
        "loggingKey": "cde0d983-0626-4f26-af49-1752777ebda9"
    },
    "additionalInfo": {
        "selectedResource": "ProdPipeLine",
        "selectedResourceType": "pipeline"
    }
}