{
    "name": "ProdPipeLine",
    "properties": {
        "description": "This is the main pipeline",
        "activities": [
            {
                "name": "ExecuteManagerPipeline",
                "type": "ExecutePipeline",
                "dependsOn": [],
                "policy": {
                    "secureInput": false
                },
                "userProperties": [],
                "typeProperties": {
                    "pipeline": {
                        "referenceName": "dirPipeline",
                        "type": "PipelineReference"
                    },
                    "waitOnCompletion": true
                }
            },
            {
                "name": "ExecuteTransformFactsData",
                "type": "ExecutePipeline",
                "dependsOn": [
                    {
                        "activity": "ExecuteManagerPipeline",
                        "dependencyConditions": [
                            "Succeeded"
                        ]
                    }
                ],
                "policy": {
                    "secureInput": false
                },
                "userProperties": [],
                "typeProperties": {
                    "pipeline": {
                        "referenceName": "getFactsPipeline",
                        "type": "PipelineReference"
                    },
                    "waitOnCompletion": true
                }
            }
        ],
        "annotations": []
    }
}